<resources xmlns:tools="http://schemas.android.com/tools">
    <!-- Base application theme. -->
    <style name="Base.Theme.Examen4SIM" parent="Theme.Material3.DayNight.NoActionBar">
        <!-- Customize your light theme here. -->
        <!-- <item name="colorPrimary">@color/my_light_primary</item> -->

        <!-- Customize your light theme here. -->
        <item name="colorPrimary">@color/colorPrimary</item>
        <item name="colorPrimaryVariant">@color/colorPrimaryDark</item>
        <item name="colorOnPrimary">@color/white</item>
        <!-- Secondary brand color. -->
        <item name="colorSecondary">@color/colorSecondary</item>
        <item name="colorSecondaryVariant">@color/colorSecondaryDark</item>
        <item name="colorOnSecondary">@color/black</item>
        <!-- <item name="colorPrimary">@color/my_light_primary</item> -->
        <item name="android:statusBarColor" tools:targetApi="l">@color/black</item>

    </style>


    <style name="Theme.Examen4SIM" parent="Base.Theme.Examen4SIM" />
</resources>